width,name,STT
" 27,5m",3/2,1
 34m,30/4,2
 21m,2/9,3
 7.5 m, Liên Chiểu,4
" 5,5 m", Lý Tế Xuyên,5
" 5,5m", Nguyễn Trác,6
 5.5 m, Phạm Thiều,7
 6.3 m, Phan Bội Châu,8
 5.5 m, Phần Lăng 1,9
 5.5 m, Phần Lăng 2,10
 5.5 m, Phần Lăng 3,11
 5.5 m, Phần Lăng 4,12
 5.5 m, Phần Lăng 5,13
5.5 m, Phong Bắc,14
 5.5 m, Quán Khải 1,15
 , Tân An 1,16
 , Tân An 3,17
 , Tân An2,18
" 10,5m", Tôn Thất Đạm,19
 9 m, Triệu Nữ Vương,20
" 5,5 m", Văn Cận,21
" 5,5m", Vân Đài Nữ Sĩ,22
" 7,5 m", Vũ Ngọc Phan,23
" 5,5 m", Xuân Đán 2,24
 ,Alexandre Yersin (Yersin),25
" 5,5m",An Bắc 2,26
" 5,5m",An Bắc 3,27
" 3,75m",An Cư 1,28
" 3,75m",An Cư 2,29
" 3,75m",An Cư 3,30
" 5,5m",An Cư 4,31
" 5,5m",An Cư 5,32
" 5,5m",An Cư 6,33
" 5,5m",An Cư 7,34
 15m,An Dương Vương,35
" 7,5m",An Đồn 1,36
" 5,5m",An Đồn 2,37
" rộng 5,5m",An Đồn 3,38
" 7,5m",An Đồn 4,39
" 5,5m",An Đồn 5,40
" 2,5m",An Hải 1,41
" 3,5m",An Hải 10,42
" 3,5m",An Hải 11,43
" 3,5m",An Hải 12,44
" 3,5m",An Hải 14,45
 4m,An Hải 15,46
 4m,An Hải 16,47
 4m,An Hải 17,48
 4m,An Hải 18,49
 4m,An Hải 19,50
" 5,5m",An Hải 2,51
" 5,5m",An Hải 20,52
 4m,An Hải 21,53
" 5,5m",An Hải 3,54
" 5,5m",An Hải 4,55
" 3,5m",An Hải 5,56
" 3,5m",An Hải 6,57
" 5,5m",An Hải 7,58
" 5,5m",An Hải 8,59
" 5,5m",An Hải 9,60
" 3,75m",An Hải Bắc 1,61
" 3,75m",An Hải Bắc 2,62
" 3,75m",An Hải Bắc 3,63
" 3,75m",An Hải Bắc 4,64
" 3,75m",An Hải Bắc 5,65
" 3,75m",An Hải Bắc 6,66
" 5,5m",An Hải Bắc 7,67
" 3,75m",An Hải Bắc 8,68
" 7,5m",An Hoà 1,69
" 3,5m",An Hoà 10,70
" 3,5m",An Hoà 11,71
" 7,5m",An Hoà 12,72
" 5,5m",An Hoà 2,73
" 5,5m",An Hoà 3,74
" 7,5m",An Hoà 4,75
" 5,5m",An Hoà 5,76
" 5,5m",An Hoà 6,77
" 5,5m",An Hoà 7,78
" 5,5m",An Hoà 8,79
" 7,5m",An Hoà 9,80
 15m,An Nông,81
" 5,5m",An Nhơn 1,82
" 3,75m",An Nhơn 10,83
" 3,75m",An Nhơn 11,84
" 5,5m",An Nhơn 2,85
" 5,5m",An Nhơn 3,86
" 3,75m",An Nhơn 4,87
" 3,75m",An Nhơn 5,88
" 5,5m",An Nhơn 6,89
" 3,5m và 5,5m",An Nhơn 7,90
" 3,5m và 5,5m",An Nhơn 8,91
" 3,75m",An Nhơn 9,92
" 7,5m",An Tư Công Chúa,93
" 7,5m",An Thượng 1,94
" 5,5m",An Thượng 10,95
" 5,5m",An Thượng 11,96
" 3,5m",An Thượng 12,97
" 3,5m",An Thượng 14,98
" 5,5m",An Thượng 15,99
" 3,5m",An Thượng 16,100
" 5,5m",An Thượng 17,101
" 3,5m",An Thượng 18,102
" 3,5m",An Thượng 19,103
" 7,5m",An Thượng 2,104
" 5,5m",An Thượng 23,105
" có đoạn 5,5m; có đoạn 5m",An Thượng 24,106
" 5,5m",An Thượng 26,107
" 5,5m",An Thượng 27,108
" 5,5m",An Thượng 28,109
" 5,5m",An Thượng 29,110
" 7,5m",An Thượng 3,111
" 5,5m",An Thượng 30,112
" 5,5m",An Thượng 31,113
" 5,5m",An Thượng 32,114
" 5,5m",An Thượng 33,115
" 5,5m",An Thượng 34,116
" có đoạn 7,5m, có đoạn 5,5m",An Thượng 35,117
" 7,5m",An Thượng 36,118
" 7,5m",An Thượng 4,119
" 3,5m",An Thượng 5,120
" 5,5m",An Thượng 6,121
" 5,5m",An Thượng 6,122
" 3,5m",An Thượng 7,123
" 3,5m",An Thượng 8,124
" 5,5m",An Thượng 9,125
" 7,5m",An Trung 1,126
" 7,5m",An Trung 2,127
" 10,5m",An Trung 3,128
" 5,5m",An Vĩnh,129
" 5,5m",An Xuân 1,130
" 5,5m",An Xuân 2,131
" 7,5m",Anh Thơ,132
" 5,5m",Ấp Bắc,133
" 7,5m và 5,5m",Ấp Bắc nối dài,134
" 8,5m ","Âu Cơ, ",135
" 5,5m ",Bà Bang Nhãn,136
 6m ,Ba Đình,137
" 7,5m ",Ba Gia,138
" 5,5m",Bá Giáng 1,139
" 5,5m",Bá Giáng 10,140
" 5,5m",Bá Giáng 11,141
" 5,5m",Bá Giáng 2,142
" 5,5m",Bá Giáng 3,143
" 5,5m",Bá Giáng 4,144
" 5,5m",Bá Giáng 5,145
" 5,5m",Bá Giáng 6,146
" 5,5m",Bá Giáng 7,147
" 5,5m",Bá Giáng 8,148
" 5,5m",Bá Giáng 9,149
 ,Bà Huyện Thanh Quan,150
 12m,Bạch Đằng,151
" 5,5m",Bạch Thái Bưởi,152
" 5,5m",Bãi Sậy,153
" 5,5m",Bát Nàn Công Chúa,154
" 5,5m",Bàu Hạc 1,155
" 3,5m",Bàu Hạc 2,156
" 3,5m",Bàu Hạc 3,157
" 3,5m",Bàu Hạc 4,158
" 3,5m",Bàu Hạc 5,159
 6m,Bàu Hạc 6,160
" 5,5m",Bàu Làng,161
" 5,5m",Bàu Mạc 1,162
" 5,5m",Bàu Mạc 10,163
" 5,5m",Bàu Mạc 11,164
" 7,5m",Bàu Mạc 12,165
" 5,5m",Bàu Mạc 14,166
" 5,5m",Bàu Mạc 15,167
" 5,5m",Bàu Mạc 2,168
" 5,5m",Bàu Mạc 3,169
" 5,5m",Bàu Mạc 4,170
" 5,5m",Bàu Mạc 5,171
" 5,5m",Bàu Mạc 6,172
" 5,5m",Bàu Mạc 7,173
" 5,5m",Bàu Mạc 8,174
" 7,5m",Bàu Mạc 9,175
 ,Bàu Tràm 1,176
 ,Bàu Tràm 2,177
 ,Bàu Tràm 3,178
 ,Bàu Tràm Trung,179
" 3,5m",Bàu Trãng 1,180
" 3,5m",Bàu Trãng 2,181
" 5,5m",Bàu Trãng 3,182
" 5,5m",Bàu Trãng 4,183
" 5,5m",Bàu Trãng 5,184
" 3,5m",Bàu Trãng 6,185
" 5,5m",Bàu Trảng 7 (Khu dân cư Thanh Lộc Đán mới ),186
" 7,5m",Bàu Vàng 1,187
" 7,5m",Bàu Vàng 2,188
" 7,5m",Bàu Vàng 3,189
" 7,5m",Bàu Vàng 4,190
" 7,5m",Bàu Vàng 5,191
" 7,5m",Bàu Vàng 6,192
" 4,5m",Bắc Đẩu,193
 ,Bắc Sơn,194
" 5,5m",Bế Văn Đàn,195
" 5,5m",Bình Giã,196
" 3,5m",Bình Hoà 1,197
" 3,5m",Bình Hoà 10,198
" 3,5m",Bình Hoà 11,199
" 3,5m",Bình Hoà 12,200
" rộng 3,75m",Bình Hòa 14,201
" 3,5m",Bình Hoà 2,202
" 3,5m",Bình Hoà 3,203
 6m,Bình Hoà 4,204
" 3,5m",Bình Hoà 5,205
" 3,5m",Bình Hoà 6,206
" 3,5m",Bình Hoà 7,207
" 3,5m",Bình Hoà 8,208
" 3,5m",Bình Hoà 9,209
 5m,Bình Kỳ,210
" 5,5m",Bình Minh 1,211
" 5,5m",Bình Minh 2,212
" 5,5m",Bình Minh 3,213
" 5,5m",Bình Thái 1,214
" 5,5m",Bình Thái 2,215
" 5,5m",Bình Thái 3,216
" 5,5m",Bùi Bỉnh Uyên,217
 5m,Bùi Chát,218
" 3,5m",Bùi Hữu Nghĩa,219
" 3,5m và 5,5m",Bùi Lâm,220
" 10,5m và 15m",Bùi Quốc Hưng,221
 15m,Bùi Tá Hán,222
" 7,5m",Bùi Thế Mỹ,223
 7m,Bùi Thị Xuân,224
" 5,5m",Bùi Viện,225
" 5,5m",Bùi Vịnh,226
" 7,5m",Bùi Xuân Phái,227
" 5,5m",Bùi Xương Tự ,228
" 5,5m",Bùi Xương Trạch,229
" 5,5m",Ca Văn Thỉnh,230
" 5,5m",Cao Bá Nhạ,231
" 5,5m",Cao Bá Quát,232
" 5,5m",Cao Lỗ,233
" 2 x 5,5m",Cao Sơn 1,234
" 5,5m",Cao Sơn 2,235
" 5,5m",Cao Sơn 3,236
" 5,5m",Cao Sơn 4,237
" 5,5m",Cao Sơn 5,238
" 5,5m",Cao Sơn 6,239
" 5,5m",Cao Sơn 7,240
" 5,5m",Cao Sơn 8,241
 9m,Cao Thắng,242
" 5,5m",Cao Xuân Dục,243
" 7,5m",Cầm Bá Thước,244
" 7,5m",Cẩm Bắc 1,245
0,Cẩm Bắc 10,246
" 5,5m",Cẩm Bắc 11,247
" 5,5m",Cẩm Bắc 12,248
" 7,5m",Cẩm Bắc 2,249
" 7,5m",Cẩm Bắc 3,250
" 7,5m",Cẩm Bắc 4,251
" 7,5m",Cẩm Bắc 5,252
" 5,5m",Cẩm Bắc 5,253
0,Cẩm Bắc 6,254
0,Cẩm Bắc 7,255
0,Cẩm Bắc 8,256
0,Cẩm Bắc 9,257
" 5,5m",Cẩm Chánh 1,258
" 5,5m",Cẩm Chánh 2,259
" 5,5m",Cẩm Chánh 3,260
" 5,5m",Cẩm Chánh 4,261
" 5,5m.",Cẩm Chánh 5,262
5.5 m,Cẩm Lệ,263
" 5,5m",Cẩm Nam 1,264
" 5,5m",Cẩm Nam 2,265
" 5,5m",Cẩm Nam 3,266
" 5,5m",Cẩm Nam 4,267
" 5,5m",Cẩm Nam 5,268
" 5,5m",Cẩm Nam 6,269
" 5,5m",Cẩm Nam 7,270
" 5,5m",Cẩm Nam 8,271
" 4,5m",Cô Bắc,272
" 7,5m",Cô Giang,273
" 5,5m ",Cổ Mân 1,274
" 5,5m ",Cổ Mân 2,275
" 5,5m ",Cổ Mân 3,276
" 3,75m ",Cổ Mân 4,277
" 3,75m ",Cổ Mân 5,278
" 3,75m ",Cổ Mân 6,279
" 3,75m ",Cổ Mân 7,280
" 5,5m ",Cổ Mân 8,281
" 7,5m ",Cổ Mân 9,282
" 5,5m",Cổ Mân Cúc 1,283
" 5,5m",Cổ Mân Cúc 2,284
" 5,5m",Cổ Mân Cúc 3,285
" 5,5m",Cổ Mân Cúc 4,286
" 5,5m",Cổ Mân Lan 1,287
" 5,5m",Cổ Mân Lan 2,288
" 5,5m",Cổ Mân Lan 3,289
" 5,5m",Cổ Mân Lan 4,290
" 5,5m",Cổ Mân Mai 1,291
" 5,5m",Cổ Mân Mai 2,292
" 5,5m",Cổ Mân Mai 3,293
" 5,5m",Cổ Mân Mai 4,294
" 5,5m",Cổ Mân Mai 5,295
" 5,5m ",Cồn Dầu 1,296
" 5,5m ",Cồn Dầu 2,297
" 5,5m.",Cồn Dầu 3,298
" 5,5m.",Cồn Dầu 4,299
" 5,5m.",Cồn Dầu 5,300
" 5,5m.",Cồn Dầu 6,301
" 5,5m.",Cồn Dầu 7,302
" 5,5m.",Cồn Dầu 8,303
" 5,5m ",Cống Quỳnh,304
" 5,5m",Cù Chính Lan,305
" 7,5m",Châu Thị Vĩnh Tế,306
 5m,Châu Thượng Văn,307
 5m,Châu Văn Liêm,308
 5m,Chế Lan Viên,309
" 10,5m và 15,5m",Chi Lăng,310
" 5,5m",Chơn Tâm 1,311
" 5,5m",Chơn Tâm 2,312
" 5,5m",Chơn Tâm 3,313
" 5,5m",Chơn Tâm 4,314
" 5,5m",Chơn Tâm 5,315
" 5,5m",Chơn Tâm 6,316
" 5,5m",Chơn Tâm 7,317
" 5,5m",Chơn Tâm 8,318
" 7,5m",Chu Cẩm Phong,319
" rộng một đoạn mỗi bên 7,5m, một đoạn mỗi bên 10,5m và một đoạn rộng 10,5m",Chu Huy Mân,320
" 5,5m - 7,5m",Chu Lai,321
" 7,5m",Chu Lai,322
" 6,8m",Chu Văn An,323
" 5,5m",Chúc Động,324
 15m,Chương Dương,325
 ,Chương Dương,326
" 7,5m",Doãn Kế Thiện,327
" 7,5m",Doãn Uẩn,328
" 10,5m",Dũng Sỹ Thanh Khê,329
" 10,5m",Duy Tân,330
" 5,5m",Dương Bá Cung,331
" 5,5m",Dương Bá Trạc,332
" 7,5m",Dương Bạch Mai,333
" 5,5m",Dương Bích Liên,334
" 7,5m",Dương Cát Lợi,335
" 5,5m",Dương Đình Nghệ,336
" 7,5m",Dương Đình Nghệ,337
" 5,5m",Dương Đức Hiền,338
" 10,5m",Dương Khuê,339
" 5,5m",Dương Tôn Hải ,340
" 5,5m",Dương Tụ Quán,341
" 7,5m",Dương Tử Giang,342
 15m,Dương Tự Minh,343
" 5,5m",Dương Thanh,344
" 10,5m",Dương Thị Xuân Quý,345
 5m,Dương Thưởng,346
" 5,5m",Dương Trí Thạch,347
" 5,5m",Dương Văn An,348
" 10,5m",Dương Vân Nga,349
" 5,5m",Đa Mặn 1,350
" 5,5m",Đa Mặn 10,351
" 5,5m",Đa Mặn 2,352
" 5,5m",Đa Mặn 3,353
" 5,5m",Đa Mặn 4,354
" 5,5m",Đa Mặn 5,355
" 5,5m",Đa Mặn 6,356
" 5,5m",Đa Mặn 7,357
" 5,5m",Đa Mặn 8,358
" 5,5m",Đa Mặn 9,359
" 5,5m ",Đá Mọc 1,360
" 5,5m ",Đá Mọc 2,361
" 5,5m ",Đá Mọc 3,362
" 5,5m ",Đá Mọc 4,363
" 5,5m ",Đá Mọc 5,364
" 7,5m",Đa Phước 1,365
" 7,5m",Đa Phước 2,366
" 7,5m",Đa Phước 3,367
" 7,5m",Đa Phước 4,368
" 7,5m",Đa Phước 5,369
" 7,5m",Đa Phước 6,370
" 7,5m",Đa Phước 7,371
" 7,5m",Đa Phước 8,372
" 7,5m",Đa Phước 9,373
" 10,5m",Đà Sơn,374
" 5,5m",Đai An 1,375
" 5,5m",Đai An 2,376
" 7,5m",Đai An 3,377
" 5,5m",Đai An 4,378
" 4,5m",Đàm Quang Trung,379
" 10,5m",Đàm Văn Lễ,380
" 5,5m",Đào Cam Mộc,381
" 5,5m",Đào Công Chính,382
 ,Đào Công Soạn,383
" 5,5m ",Đào Doãn Địch,384
 6m,Đào Duy Anh,385
 6m,Đào Duy Anh,386
" 5,5m",Đào Duy Kỳ,387
" 2x10,5m",Đào Duy Tùng,388
 8m,Đào Duy Từ,389
" 7,5m",Đào Nghiễm,390
" 5,5m",Đào Nguyên Phổ,391
" 5,5m-7,5m",Đào Sư Tích,392
" 5,5m",Đào Tấn (nối dài),393
" 5,5m",Đào Trí,394
" 7,5m",Đặng Chất,395
" 5,5m",Đặng Chiêm,396
" 5,5m",Đặng Dung,397
 6m,Đặng Dung (nối dài),398
" 5,5m",Đặng Đình Vân,399
" 7,5m và có đoạn 5,5m",Đặng Đức Siêu,400
" 7,5m",Đặng Huy Trứ,401
" 5,5m",Đặng Minh Khiêm,402
" 5,5m",Đặng Nguyên Cấn,403
" 7,5m.",Đặng Nhơn,404
" 5,5m",Đặng Nhữ Lâm,405
" 5,5m",Đặng Như Mai,406
" 5,5m",Đặng Phúc Thông,407
" 5,5m",Đặng Tất,408
 6m,Đặng Thai Mai,409
" 3,5m",Đặng Thái Thân,410
 7.5m,Đặng Thùy Trâm,411
 3.75m,Đặng Trần Côn,412
 ,Đặng Văn Ngữ,413
 7.5m,Đặng Xuân Bảng,414
" 7,5m",Đặng Xuân Thiều,415
" 5,5m",Đầm Rong 1,416
" 5,5m",Đầm Rong 2,417
" 3,5m",ĐH.6,418
 45m,Điện Biên Phủ,419
" 5,5m",Đing Công Tráng,420
" 10,5m",Đinh Công Trứ,421
 ,Đinh Châu,422
" 7,5m",Đinh Đạt,423
" 5,5m",Đinh Gia Khánh,424
 21m,Đinh Lễ,425
 15m,Đinh Liệt,426
" 5,5m",Đinh Núp,427
" 5,5m",Đinh Nhật Thận,428
" 5,5m",Đinh Tiên Hoàng,429
" 7,5m",Đinh Thị Hòa,430
" 10,5m",Đinh Thị Vân,431
" 5,5m",Đò Xu 3,432
" 7,5m",Đoàn Hữu Trưng,433
" 11,5m",Đoàn Khuê,434
" 11,5m",Đoàn Khuê,435
" một đoạn 5,5m, một đoạn 7,5.",Đoàn Ngọc Nhạc,436
" 5,5m",Đoàn Ngọc Nhạc,437
" 5,5m",Đoàn Nguyễn Tuấn,438
" 5,5m",Đoàn Nguyên Thục,439
" 5,5m",Đoàn Như Hài,440
" 5,5m",Đoàn Phú Tứ,441
" 5,5m",Đoàn Quý Phi,442
" 4,5m",Đoàn Thị Điểm,443
" 5,5m",Đoàn Trần Nghiệp,444
" 11,25m",Đỗ Anh Hàn,445
" 11,25m",Đỗ Anh Hàn,446
" 10,5m",Đỗ Bá,447
" 10,5m",Đỗ Bá,448
" 5,5m",Đỗ Bí,449
 ,Đỗ Đăng Tuyển,450
 5.5m,Đỗ Đăng Tuyển,451
" 5,5m",Đô Đốc Bảo,452
" 10,5m.",Đô Đốc Lân,453
" 10,5m",Đô Đốc Lân,454
" 10,5m.",Đô Đốc Lộc,455
" 5,5m",Đô Đốc Lộc,456
" 5,5m.",Đô Đốc Tuyết,457
" 5,5m",Đô Đốc Tuyết,458
" 10,5m",Đỗ Hành,459
" 7,5m",Đỗ Huy Uyển,460
" 5,5m",Đỗ Năng Tế,461
" 5,5m",Đỗ Năng Tế,462
" có đoạn 3,5m và có đoạn 5m",Đỗ Ngọc Du,463
" 5,5m",Đỗ Nhuận,464
 6m,Đỗ Quang,465
" 7,5m",Đỗ Tự,466
" 7,5m",Đỗ Thế Chấp,467
 6m,Đỗ Thúc Tịnh,468
" 7,5m",Đỗ Xuân Cát,469
" 5,5m",Đỗ Xuân Hợp,470
" 5,5m",Đốc Ngữ,471
" 5,5m",Đội Cấn,472
" 5,5m",Đội Cung,473
 6m,Đồng Bài 4,474
" 5,5m",Đống Công Tường,475
 3.75m,Đông Du,476
 21m,Đống Đa,477
" 10,5m",Đông Giang,478
" 5,5m",Đông Hải 1,479
" 5,5m",Đông Hải 1,480
" 5,5m",Đông Hải 10,481
" 5,5m",Đông Hải 11,482
" 5,5m",Đông Hải 11,483
" 5,5m",Đông Hải 12,484
" 5,5m",Đông Hải 14,485
" 5,5m",Đông Hải 3,486
" 5,5m",Đông Hải 4,487
" 5,5m",Đông Hải 5,488
" 5,5m",Đông Hải 6,489
" 5,5m",Đông Hải 7,490
" 5,5m",Đông Hải 8,491
" 5,5m",Đông Hải 9,492
" có đoạn 5m, có đoạn 3m",Đồng Kè,493
" 7,5m",Đông Kinh Nghĩa Thục,494
" 7,5m ",Đồng Khởi,495
" 5,5m",Đông Lợi 1 (Khu Gia đình quân nhân 372 ),496
" 5,5m",Đông Lợi 2,497
" 5,5m",Đông Lợi 3,498
" 5,5m",Đông Phước 4,499
" 5,5m",Đồng Phước Huyến,500
" 5,5m",Đông Trà 1,501
" 5,5m",Đông Trà 2,502
" 5,5m",Đông Trà 3,503
" 5,5m",Đông Trà 4,504
" 5,5m",Đông Trà 5,505
" 2x5,5m","Đông Trà 6
",506
" 5,5m",Đông Trà 7,507
" rộng 3,75m",Đồng Trí 1,508
" 3,75m",Đồng Trí 2,509
" bề rộng có đoạn 3,75m và có đoạn 5,5m",Đồng Trí 3,510
" bề rộng 3,75m ",Đồng Trí 4,511
" 5,5m",Đồng Trí 5,512
" 7,5m",Đồng Trí 6,513
" 5,5m",Đức Lợi 1,514
" bề rộng có đoạn 2 x 5,5m và có đoạn 5,5m",Đức Lợi 2,515
" 7,5m",Đức Lợi 3,516
" 5,5m",An Bắc 1,517
" 10,5m",Francis Henry Loseby,518
" 10,5m",Francis Henry Loseby (Loseby),519
" 7,5m",Giang Châu 1,520
" 7,5m",Giang Châu 2,521
" 7,5m",Giang Châu 3,522
" 5,5m",Giang Văn Minh,523
" 5,5m",Giáp Hải,524
" 5,5m",Giáp Văn Cương,525
" 7,5m",Hà Bổng,526
" 7,5m",Hà Chương,527
" 5,5m",Hà Đặc,528
" 5,5m",Hà Hồi,529
" 5,5m",Hà Huy Giáp,530
 7m,Hà Huy Tập,531
" 10,5m",Hà Khê,532
" 7,5m",Hà Mục,533
 ,Hà Tông Huân,534
" 10,5m",Hà Tông Quyền,535
" 10,5m",Hà Văn Tính,536
" 5,5m",Hà Văn Trí,537
 rộng 5m,Hà Xuân 1,538
 rộng 5m,Hà Xuân 2,539
 6m,Hải Hồ,540
 9m,Hải Phòng,541
 6m,Hải Sơn,542
" 4,5m",Hàm Mặc Tử,543
 8m,Hàm Nghi,544
" 7,5m",Hàm Tử,545
0,Hàm Trung 1,546
0,Hàm Trung 2,547
" 5,5m",Hàm Trung 3,548
0,Hàm Trung 4,549
0,Hàm Trung 5,550
0,Hàm Trung 6,551
0,Hàm Trung 7,552
0,Hàm Trung 8,553
" 7,5m",Hàm Trung 9,554
" 7,5m",Hàn Thuyên,555
" 7,5m",Hằng Phương Nữ Sĩ,556
0,Hòa An 1,557
" rộng 3,75m",Hòa An 10,558
" rộng 3,75m",Hòa An 11,559
 ,Hòa An 11,560
0,Hòa An 2,561
0,Hòa An 3,562
0,Hòa An 4,563
0,Hòa An 5,564
0,Hòa An 6,565
0,Hòa An 7,566
0,Hòa An 8,567
0,Hòa An 9,568
" 5,5m",Hòa Bình 1,569
" 5,5m",Hòa Bình 2,570
" 5,5m",Hòa Bình 3,571
" 5,5m",Hòa Bình 4,572
" 7,5m",Hòa Bình 5,573
" 5,5m",Hòa Bình 6,574
" 5,5m",Hòa Bình 7,575
"Chiều rộng 5,5m",Hoa Lư,576
0,Hòa Minh 1,577
0,Hòa Minh 10,578
0,Hòa Minh 11,579
0,Hòa Minh 12,580
0,Hòa Minh 13,581
0,Hòa Minh 14,582
0,Hòa Minh 15,583
0,Hòa Minh 16,584
0,Hòa Minh 17,585
0,Hòa Minh 18,586
0,Hòa Minh 19,587
0,Hòa Minh 2,588
0,Hòa Minh 20,589
0,Hòa Minh 21,590
0,Hòa Minh 22,591
" 5,5m",Hòa Minh 23,592
0,Hòa Minh 3,593
0,Hòa Minh 4,594
0,Hòa Minh 5,595
0,Hòa Minh 6,596
0,Hòa Minh 7,597
0,Hòa Minh 8,598
0,Hòa Minh 9,599
" 5,5m",Hòa Mỹ 1,600
" 3,75m",Hòa Mỹ 2,601
" 3,75m",Hòa Mỹ 3,602
" 3,75m",Hòa Mỹ 4,603
" 3,75m",Hòa Mỹ 4,604
" 5,5m",Hòa Nam 1,605
" 5,5m",Hòa Nam 2,606
" 5,5m",Hòa Nam 3,607
" 5,5m",Hòa Nam 4,608
" 7,5m",Hòa Nam 5,609
" 7,5m",Hòa Nam 6,610
" 7,5m",Hòa Nam 6,611
" 3,5m",Hóa Sơn 1,612
" 3,5m",Hóa Sơn 2,613
" 5,5m",Hóa Sơn 3,614
" 3,5m",Hóa Sơn 4,615
" 3,5m",Hóa Sơn 5,616
" 3,5m",Hóa Sơn 6,617
" 7,5m",Hoài Thanh ,618
 3m,Hoài Thanh (nối dài),619
" 7,5m",Hoàng Bật Đạt,620
"  7,5m",Hoàng Bích Sơn,621
" 7,5m",Hoàng Bình Chính,622
" 5,5m",Hoàng Công Chất,623
" 7,5m và có đoạn 5,5m",Hoàng Châu Ký,624
" 10,5m",Hoàng Diệu,625
" 7,5m",Hoàng Dư Khương,626
" 5,5m",Hoàng Đạo Thúy,627
" 7,5m.",Hoàng Đình Ái,628
 ,Hoàng Đình Ái,629
" 7,5m",Hoàng Đình Ái,630
 21m,Hoàng Đức Lương,631
" 8,5m",Hoàng Hoa Thám,632
" 7,5m",Hoàng Kế Viêm,633
" 5,5m.",Hoàng Minh Giám,634
" 10,5m","Hoàng Minh Thảo
",635
" 7,5m.",Hoàng Ngân,636
 ,Hoàng Ngọc Phách,637
" 7,5m",Hoàng Quốc Việt,638
" 10,5m",Hoàng Sa,639
" 5,5m",Hoàng Sâm,640
" 7,5m",Hoàng Sĩ Khải,641
" 10,5m",Hoàng Tăng Bí,642
" 3,5m",Hoàng Tích Trí,643
" 7,5m.",Hoàng Thị Ái,644
" 5,5m",Hoàng Thiều Hoa,645
" 5,5m",Hoàng Thúc Trâm,646
" 7,5m",Hoàng Trọng Mậu,647
" 7,5m",Hoàng Văn Hoè,648
" 7,5m",Hoàng Văn Hòe,649
" 7,5m",Hoàng Văn Lai,650
 7m,Hoàng Văn Thái,651
 9m,Hoàng Văn Thụ,652
" 5,5m",Hoàng Việt,653
 ,Hoàng Xuân Hãn,654
" 7,5m",Hồ Bá Ôn,655
" 5,5m",Hồ Biểu Chánh,656
 ,Hồ Đắc Di,657
" 7,7m",Hồ Học Lãm,658
" 5,5m",Hồ Huân Nghiệp,659
 15m,Hồ Nghinh,660
" 7,5m",Hồ Nguyên Trừng,661
" 10,5m",Hồ Qúy Ly,662
" 5,5m",Hồ Sĩ Phấn,663
" 7,5m",Hồ Sĩ Tân,664
" 7,5m",Hồ Sỹ Dương,665
" 5,5m",Hồ Sỹ Đống,666
" 5,5m",Hồ Sỹ Đống,667
" 5,5m",Hồ Tông Thốc,668
" 10,5m",Hồ Tùng Mậu,669
" 10,5m",Hồ Tương,670
" 7,5m",Hồ Thấu,671
 24m,Hồ Xuân Hương,672
" 5,5m",Hồng Thái,673
" 10,5m",Hùng Vương,674
" 5,5m",Huy Cận,675
 ,Huyền Trân Công Chúa,676
 8m,Huyền Trân Công Chúa,677
 6m,Huỳnh Bá Chánh,678
" 3,5m",Huỳnh Lý,679
" 3,75m",Huỳnh Lý,680
" 5,5m",Huỳnh Mẫn Đạt,681
" 7,5m",Huỳnh Ngọc Đủ,682
" 10,5m",Huỳnh Ngọc Huệ,683
" 10,5m",Huỳnh Ngọc Huệ,684
" 10,5m",Huỳnh Tấn Phát ,685
" 10,5m",Huỳnh Tấn Phát ,686
" 7,5m",Huỳnh Thị Bảo Hòa,687
" 5,5m",Huỳnh Thị Một,688
 6m,Huỳnh Thúc Kháng ,689
" 5,5m",Huỳnh Văn Đảnh,690
" 7,5m.",Huỳnh Xuân Nhị,691
" 7,5m",Huỳnh Xuân Nhị,692
 ,Hưng Hóa 1,693
" 5,5m",Hưng Hóa 1,694
 ,Hưng Hóa 2,695
 ,Hưng Hóa 2,696
 ,Hưng Hóa 3,697
 ,Hưng Hóa 3,698
 ,Hưng Hóa 4,699
 ,Hưng Hóa 4,700
" 7,5m",Hương Hải Thiền Sư,701
 8m,K20,702
" 7,5m",Kiều Oánh Mậu,703
" 5,5m",Kiều Phụng,704
" 7,5m",Kim Đồng.,705
" 7,5m",Kim Liên 1,706
" 5,5m",Kim Liên 2,707
" 5,5m",Kim Liên 3,708
 15m,Kinh Dương Vương,709
" 7,5m",Kỳ Đồng,710
" 5,5m",Khái Đông 1,711
" 5,5m",Khái Đông 2,712
" 5,5m",Khái Đông 3,713
" 5,5m",Khe Sanh,714
" 11,5m",Khúc Hạo,715
" 7,5m",Khuê Đông,716
 ,Khuê Mỹ Đông 1,717
 ,Khuê Mỹ Đông 2,718
 ,Khuê Mỹ Đông 3,719
" 5,5m",Khuê Mỹ Đông 4,720
" 7,5m",Lã Xuân Oai,721
 ,Lạc Long Quân,722
" 7,5m",Lâm Huỳnh,723
" 5,5m",Lâm Quang Thự,724
 ,Lê Anh Xuân,725
" 5,5m",Lê Anh Xuân,726
" 7,5m",Lê Bá Trinh,727
 7m,Lê Bá Trinh(cũ),728
" 7,5m",Lê Bình,729
 5m,Lê Bôi,730
" 5,5m",Lê Cảnh Tuân,731
" rộng 5,5m;",Lê Cao Lãng,732
" 7,5m, có đoạn 5,5m ",Lê Công Kiều,733
" 3,5m",Lê Cơ,734
" 3,5m",Lê Cơ (nối dài),735
 ,Lê Chân,736
" 7,5m",Lê Chân,737
" 7,5m",Lê Chân,738
" 7,5m",Lê Doãn Nhạ,739
 16m,Lê Duẩn,740
" 7,5m",Lê Duy Lương,741
" 5,5m",Lê Đại ,742
 21m,Lê Đại Hành,743
" 5,5m",Lê Đỉnh,744
" 7,5m",Lê Đình Chinh,745
" 5,5m",Lê Đình Diên,746
" 5,5m",Lê Đình Diên,747
 9m,Lê Đình Dương,748
 8m,Lê Đình Lý,749
 15m,Lê Đình Lý(nối dài),750
 8m,Lê Đình Thám,751
" 10,5m",Lê Độ,752
 ,Lê Đức Thọ,753
" 7,5m",Lê Hồng Phong,754
" 5,5m",Lê Hữu Kiều,755
" 7,5m",Lê Hữu Khánh,756
 6m,Lê Hữu Trác,757
" 7,5m",Lê Hy,758
" 7,5m",Lê Hy Cát,759
" 5,5m",Lê Khắc Cần,760
" 5,5m",Lê Lâm,761
" 5,5m",Lê Lộ,762
"  5,5m",Lê Ninh,763
 ,Lê Phụ Trần,764
" 5,5m",Lê Phụ Trần,765
" 5,5m",Lê Phụ Trần 2,766
 ,Lê Phụng Hiểu,767
" 7,5m",Lê Phụng Hiểu,768
 8m,Lê Qúy Đôn,769
" một đoạn 10,5m, một đoạn 5,5",Lê Quảng Ba,770
" 7,5m",Lê Quang Đạo,771
" 5,5m.",Lê Quang Định,772
 8m-12m,Lê Quang Sung,773
" 7,5m",Lê Quát,774
" 7,5m",Lê Sát,775
" 7,5m",Lê Tấn Toán,776
 ,Lê Tấn Trung,777
" 10,5m",Lê Tấn Trung,778
" 7,5m",Lê Tự Thống Nhất,779
" 7,5m – 10,5m",Lê Thạch,780
" 10,5m-7,5m",Lê Thạch,781
 ,Lê Thanh Nghị,782
 ,Lê Thanh Nghị,783
" 7,5m",Lê Thành Phương,784
 7m,Lê Thánh Tông,785
" 5,5m",Lê Thận,786
" 5,5m",Lê Thị Riêng,787
" 5,5m",Lê Thị Tính,788
" 4,5m",Lê Thị Xuyến,789
" 5,5m",Lê Thiện Trị,790
" 5,5m",Lê Thiệt,791
" 5,5m",Lê Thiệt,792
" 7,5m",Lê Thuyết Hùng,793
" 5,5m",Lê Thước,794
 7m,Lê Trọng Tấn,795
" 5,5m",Lê Trung Đình,796
" 5,5m",Lê Trung Đình,797
 ,Lê Văn An,798
 6m,Lê Văn Duyệt,799
 15m,Lê Văn Duyệt ,800
 4m,Lê Văn Đức,801
 30m,Lê Văn Hiến,802
 ,Lê Văn Huân,803
 10.5m,Lê Văn Hưu,804
 ,Lê Văn Linh,805
" 3,8m",Lê Văn Long,806
 ,Lê Văn Lương,807
" 5,5m",Lê Văn Miến,808
" một đoạn 7,5m, một đoạn 2x7,5m",Lê Văn Quý,809
" 5,5m",Lê Văn Sỹ,810
" 7,5m",Lê Văn Tâm,811
" 7,5m",Lê Văn Tâm,812
 5.5m,Lê Văn Thiêm,813
" 5,5m",Lê Văn Thịnh,814
" 7,5m",Lê Văn Thủ,815
 6m,Lê Văn Thứ,816
 5m,Lê Vĩnh Huy,817
" 7,5m - 5,5m",Lê Vĩnh Khanh,818
" 7,5m",Liêm Lạc 1,819
" 5,5m",Liêm Lạc 10,820
" 5,5m",Liêm Lạc 11,821
" 5,5m",Liêm Lạc 2,822
" 5,5m",Liêm Lạc 3,823
" 5,5m",Liêm Lạc 4,824
" 5,5m",Liêm Lạc 5,825
" 5,5m",Liêm Lạc 6,826
" 5,5m",Liêm Lạc 7,827
" 5,5m",Liêm Lạc 8,828
" 5,5m",Liêm Lạc 9,829
" 5,5m",Lỗ Giáng 1,830
" rộng 5,5m",Lỗ Giáng 10,831
" 5,5m",Lỗ Giáng 11,832
" 5,5m",Lỗ Giáng 11,833
" 5,5m",Lỗ Giáng 15,834
" rộng 5,5m",Lỗ Giáng 16,835
" rộng 5,5m",Lỗ Giáng 17,836
" rộng 5,5m",Lỗ Giáng 18,837
" rộng 5,5m",Lỗ Giáng 19,838
" 5,5m",Lỗ Giáng 2,839
" 5,5m",Lỗ Giáng 20,840
" 5,5m",Lỗ Giáng 21,841
" 5,5m",Lỗ Giáng 22,842
" 5,5m",Lỗ Giáng 23,843
" 5,5m",Lỗ Giáng 24,844
" 5,5m",Lỗ Giáng 3,845
" 5,5m",Lỗ Giáng 4,846
" 5,5m",Lỗ Giáng 5,847
" 5,5m",Lỗ Giáng 6,848
" 5,5m",Lỗ Giáng 7,849
" 5,5m",Lỗ Giáng 8,850
" 5,5m",Lỗ Giáng 9,851
" 7,5 m",Lộc Ninh,852
" 5,5m",Lộc Phước 1,853
" 7,5m.",Lư Giang,854
" 7,5m",Lương Đắc Bằng,855
 ,Lương Định Của,856
" 5,5m",Lương Hữu Khánh,857
" 5,5 m",Lương Khánh Thiện ,858
" 7,5 m",Lương Ngọc Quyến,859
" 7,5 m",Lương Nhữ Hộc,860
 8 m,Lương Thế Vinh,861
" 5,5 m",Lương Thúc Kỳ,862
" 7,5 m",Lương Văn Can,863
" 5,5 m",Lưu Hữu Phước,864
" 5,5 m",Lưu Nhân Chú,865
" 7,5m có đoạn 5,5m",Lưu Quang Thuận,866
 6m,Lưu Quang Vũ,867
" 5,5 m",Lưu Quý Kỳ,868
" 5,5 m",Lưu Trọng Lư,869
" 7,5m",Lưu Văn Lang,870
" 7,5 m",Lý Chính Thắng ,871
" 7,5 m",Lý Đạo Thành,872
 5m,Lý Nam Đế,873
 ,Lý Nhật Quang,874
 ,Lý Tử Tấn,875
 9m,Lý Tự Trọng,876
" 9,5 m",Lý Thái Tổ,877
 15m,Lý Thái Tông,878
 7.5m,Lý Thánh Tông,879
" 5,5m",Lý Thiên Bảo,880
 10.5m,Lý Thường Kiệt,881
 8m,Lý Triện,882
" 5,5m",Lý Văn Phức,883
 ,Lý Văn Tố,884
" 7,5m",Lý Văn Tố,885
" 7,5m",Mạc Cửu,886
 5m,Mạc Đĩnh Chi,887
" 5,5m",Mạc Thị Bưởi,888
" 7,5m",Mạc Thiên Tứ,889
 8m,Mai Am,890
" 7,5m",Mai Anh Tuấn,891
 5m,Mai Dị (cũ),892
 ,Mai Dị (nối dài),893
 6m,Mai Đăng Chơn,894
 10.5m,Mai Hắc Đế,895
 6m,Mai Lão Bạng,896
" 7,5m",Mai Văn Ngọc,897
 6m,Mai Xuân Thưởng,898
" 7,5m",Man Thiện,899
" 5,5m",Mân Quang 1,900
" 5,5m",Mân Quang 1,901
 ,Mân Quang 10,902
" 5,5m",Mân Quang 2,903
" 5,5m",Mân Quang 2 ,904
" 5,5m",Mân Quang 3,905
" 5,5m",Mân Quang 3 ,906
" 5,5m",Mân Quang 4,907
" 5,5m",Mân Quang 4,908
" 7,5m",Mân Quang 5,909
" 7,5m",Mân Quang 5,910
" 3,75m",Mân Quang 6,911
" 3,75m",Mân Quang 7,912
" 7,5m",Mân Quang 8,913
 ,Mân Quang 9,914
" 5,5m",Mẹ Hiền,915
 6m,Mẹ Nhu,916
" đoạn 2x15m và có đoạn 2x7,5m",Minh Mạng,917
" 5,5m",Mộc Bài 1,918
" 5,5m",Mộc Bài 1,919
" 5,5m",Mộc Bài 2,920
" 5,5m",Mộc Bài 2,921
" 5,5m",Mộc Bài 3,922
" 5,5m",Mộc Bài 3,923
" 5,5m",Mộc Bài 4,924
" 5,5m",Mộc Bài 4,925
" 7,5m",Mộc Bài 5,926
" 5,5m",Mộc Bài 6,927
" 5,5m",Mộc Sơn 1,928
" 5,5m",Mộc Sơn 2,929
" 7,5m",Mộc Sơn 3,930
" 7,5m",Mộc Sơn 4,931
" 5,5m",Mỹ An 1,932
" 5,5m",Mỹ An 1,933
" 5,5m",Mỹ An 10,934
" 5,5m",Mỹ An 10 ,935
" 5,5m",Mỹ An 11,936
" 5,5m",Mỹ An 11,937
" 5,5m",Mỹ An 12,938
" 5,5m",Mỹ An 12,939
" 5,5m",Mỹ An 14,940
" 5,5m",Mỹ An 14,941
" 5,5m",Mỹ An 15,942
" 5,5m",Mỹ An 15,943
" 5,5m",Mỹ An 16,944
" 5,5m",Mỹ An 16,945
" 7,5m",Mỹ An 17,946
" 7,5m",Mỹ An 17,947
" 5,5m",Mỹ An 18,948
" 5,5m",Mỹ An 18,949
" 3,5m",Mỹ An 19,950
" 3,5m",Mỹ An 19,951
" 5,5m",Mỹ An 2,952
" 5,5m",Mỹ An 2,953
" 5,5m",Mỹ An 20,954
" 5,5m",Mỹ An 20,955
" 5,5m",Mỹ An 21,956
" 5,5m",Mỹ An 21,957
" 5,5m",Mỹ An 22,958
" 5,5m",Mỹ An 22,959
" 5,5m",Mỹ An 23,960
" 5,5m",Mỹ An 23,961
" 5,5m",Mỹ An 24,962
" 5,5m",Mỹ An 24,963
" 7,5m",Mỹ An 25,964
" 7,5m",Mỹ An 25,965
" 5,5m",Mỹ An 3,966
" 5,5m",Mỹ An 3,967
" 5,5m",Mỹ An 4,968
" 5,5m",Mỹ An 4,969
" 5,5m",Mỹ An 5,970
" 5,5m",Mỹ An 5,971
" 5,5m",Mỹ An 6,972
" 5,5m",Mỹ An 6,973
" 5,5m",Mỹ An 7,974
" 5,5m",Mỹ An 7,975
" 5,5m",Mỹ An 8,976
" 5,5m",Mỹ An 8,977
" 5,5m",Mỹ An 9,978
" 5,5m",Mỹ An 9,979
 ,Mỹ Đa Đông 1,980
 ,Mỹ Đa Đông 2,981
 ,Mỹ Đa Đông 3,982
" 3,5m",Mỹ Đa Đông 4,983
" 3,5m",Mỹ Đa Đông 5,984
" 3,5m",Mỹ Đa Đông 6,985
 4m,Mỹ Đa Đông 7,986
 4m,Mỹ Đa Đông 8,987
" 7,5m",Mỹ Đa Tây 1,988
" 7,5m",Mỹ Đa Tây 2,989
" 7,5m",Mỹ Đa Tây 3,990
" 7,5m",Mỹ Đa Tây 4,991
" 7,5m",Mỹ Đa Tây 5,992
" 7,5m",Mỹ Đa Tây 6,993
" 7,5m",Mỹ Đa Tây 7,994
" 7,5m",Mỹ Đa Tây 8,995
" 5,5m",Mỹ Đa Tây 9,996
" 5,5m",Mỹ Thị 1,997
" 5,5m",Mỹ Thị 2,998
" 5,5m",Mỹ Thị 3,999
" 5,5m",Mỹ Thị 4,1000
" 5,5m",Nại Hiên Đông 11,1001
" 5,5m",Nại Hiên Đông 12,1002
" 5,5m",Nại Hiên Đông 14,1003
" 5,5m",Nại Hiên Đông 15,1004
" 5,5m",Nại Hiên Đông 16,1005
" 5,5m",Nại Hiên Đông 17,1006
" rộng 5,5m",Nại Hiên Đông 18,1007
" 7,5m",Nại Nam,1008
" 3,75m",Nại Nghĩa 1,1009
" 3,75m",Nại Nghĩa 2,1010
" 3,75m",Nại Nghĩa 3,1011
" 3,75m",Nại Nghĩa 4,1012
" 3,75m",Nại Nghĩa 5,1013
" 3,75m",Nại Nghĩa 6,1014
" 3,75m",Nại Nghĩa 7,1015
" 3,75m",Nại Tú 1,1016
" 7,5m",Nại Tú 2,1017
" 5,5m",Nại Tú 3,1018
" 7,5m",Nại Tú 4,1019
" 5,5m",Nam Sơn 4,1020
" 7,5m",Nam Sơn 1,1021
" 5,5m",Nam Sơn 2,1022
" 5,5m",Nam Sơn 3,1023
" 3,5m",Nam Sơn 5,1024
" 5,5m",Nam Thành,1025
" 5,5m",Nam Thọ 1,1026
" 5,5m",Nam Thọ 2,1027
" 5,5m",Nam Thọ 3,1028
" 5,5m",Nam Thọ 4,1029
" 5,5m",Nam Thọ 5,1030
" 5,5m",Nam Thọ 6,1031
 15m,Nam Trân,1032
 10.5m,Ninh Tốn,1033
" 7,5m",Non Nước,1034
" 7,5m",Norman Morrison,1035
 ,Norman Morrison (Morrison),1036
" 5,5m",Nơ Trang Lơng,1037
 7m,Núi Thành,1038
" 10,5m",Nghiêm Xuân Yêm,1039
" 10,5m",Nghiêm Xuân Yêm,1040
" 5,5m",Ngọc Hân,1041
 5.5m,Ngọc Hồi,1042
 ,Ngô Cao Lãng,1043
 6m,Ngô Chân Lưu,1044
 5m,Ngô Chi Lan,1045
" 5,5m",Ngô Đức kế,1046
" 5,5m",Ngô Gia Khảm,1047
 8m,Ngô Gia Tự,1048
" 5,5m",Ngô Mây,1049
" 7,5m",Ngô Quang Huy,1050
" 7,5m",Ngô Quang Huy,1051
 48m,Ngô Quyền,1052
 5m,Ngô Sỹ Liên,1053
" 7,5m",Ngô Thế Lân,1054
" 5,5m",Ngô Thế Vinh,1055
" 10,5m",Ngô Thì Hiệu,1056
" 7,5m",Ngô Thì Hương,1057
" 5,5m",Ngô Thị Liễu,1058
 ,Ngô Thì Nhậm,1059
 10m,Ngô Thì Nhậm,1060
" 7,5m",Ngô Thị Sỹ,1061
" 5,5m",Ngô Thì Trí,1062
" 10,5m",Ngô Văn Sở,1063
 ,Ngô Viết Hữu,1064
 6m,Ngô Xuân Thu,1065
 24m,Ngũ Hành Sơn,1066
" 2x10,5m",Nguyễn An Ninh,1067
" 5,5m",Nguyễn Bá Học,1068
 ,Nguyễn Bá Lân,1069
" 5,5m",Nguyễn Bá Ngọc,1070
 6m,Nguyễn Bá Phát,1071
 ,Nguyễn Bảo,1072
" 5,5m",Nguyễn Biểu,1073
" 7,5m",Nguyễn Bình,1074
 4m,Nguyễn Bỉnh Khiêm,1075
" 5,5m",Nguyễn Cảnh Chân,1076
" 5,5m",Nguyễn Cảnh Dị,1077
" 5,5m",Nguyễn Cao,1078
"  5,5m",Nguyễn Cao Luyện,1079
 ,Nguyễn Công Hãng,1080
 5m,Nguyễn Công Hoan,1081
" 5,5m",Nguyễn Công Sáu,1082
 9m,Nguyễn Công Trứ,1083
" 7,5m",Nguyễn Cơ Thạch,1084
" 7,5m",Nguyễn Cơ Thạch,1085
 6m,Nguyễn Chánh,1086
" 5,5m",Nguyễn Chế Nghĩa,1087
" 7,5m",Nguyễn Chí Diễu,1088
 14m,Nguyễn Chí Thanh,1089
" 5,5m",Nguyễn Chích,1090
" 5,5m",Nguyễn Chu Sĩ,1091
 10m,Nguyễn Chu Sỹ,1092
 10m,Nguyễn Chu Sỹ,1093
" 10,5m",Nguyễn Du,1094
" 7,5m",Nguyễn Dục,1095
 ,Nguyễn Duy,1096
 ,Nguyễn Duy,1097
" 5,5m",Nguyễn Duy Cung,1098
 6m,Nguyễn Duy Hiệu,1099
 7m,Nguyễn Duy Trinh,1100
" 5,5m",Nguyễn Dữ,1101
 5.5 m,Nguyễn Dữ,1102
" 5,5m",Nguyễn Đăng,1103
 ,Nguyễn Đăng,1104
" 5,5m – 7,5m",Nguyễn Đăng Đạo,1105
 ,Nguyễn Đăng Giai,1106
" 5,5m",Nguyễn Đình Chiểu,1107
" 7,5m",Nguyễn Đình Hiến,1108
" 7,5m – 10,5m",Nguyễn Đình Tứ,1109
" 7,5 - 10,5m",Nguyễn Đình Tứ,1110
" 10,5m",Nguyễn Đình Tựu,1111
" 7,5m",Nguyễn Đình Trân,1112
" 10,5m",Nguyễn Đình Trọng ,1113
" 10,5m",Nguyễn Đình Trọng (nối dài),1114
" 7,5m",Nguyễn Đóa,1115
" 7,5m",Nguyễn Đóa,1116
 7.5m,Nguyễn Đỗ Cung,1117
 ,Nguyễn Đỗ Mục,1118
" 7,5m",Nguyễn Đôn Triết,1119
" Một đoạn 5.5m, rộng một đoạn 7.5m",Nguyễn Đức An,1120
" 5,5m",Nguyễn Đức Cảnh,1121
" rộng 5,5m;",Nguyễn Đức Thiệu,1122
 15 m,Nguyễn Đức Thuận,1123
" 10,5m",Nguyễn Đức Trung,1124
" 10,5m",Nguyễn Đức Trung,1125
 4m,Nguyễn Gia Thiều,1126
 6m,Nguyễn Gia Trí,1127
 ,Nguyễn Giản Thanh,1128
" 5,5 m",Nguyễn Giản Thanh 2,1129
" 5,5m",Nguyễn Hàng,1130
" 10,5m",Nguyễn Hàng Chi,1131
" 5,5m",Nguyễn Hàng Chi,1132
" 9,5m",Nguyễn Hanh,1133
" 5,5m",Nguyễn Hành,1134
 6m,Nguyễn Hoàng,1135
 ,Nguyên Hồng,1136
 ,Nguyễn Hồng,1137
 7.5m,Nguyễn Huy Chương,1138
" 5,5m",Nguyễn Huy Lượng,1139
" 5,5m",Nguyễn Huy Oánh,1140
 5.5m,Nguyễn Huy Tự,1141
 6m,Nguyễn Huy Tưởng,1142
" 7,5m",Nguyễn Hữu An,1143
" 5,5m",Nguyễn Hữu Cảnh,1144
" 10,5m",Nguyễn Hữu Dật,1145
" 10,5m",Nguyễn Hữu Đức,1146
" 10,5m",Nguyễn Hữu Tiến,1147
 34m,Nguyễn Hữu Thọ,1148
" 5,5m",Nguyễn Hữu Thông,1149
" 7,5m",Nguyễn Kiều,1150
 ,Nguyễn Khang,1151
" 7,5m",Nguyễn Khắc Cần,1152
"  5,5m",Nguyễn Khắc Nhu,1153
 15m,Nguyễn Khắc Viện,1154
 15m,Nguyễn Khắc Viện,1155
 15m,Nguyễn Khắc Viện,1156
 ,Nguyễn Khoa Chiêm,1157
" 7,5m",Nguyễn Khoái,1158
 5m,Nguyễn Khuyến,1159
"  5,5m",Nguyễn Lai,1160
 ,Nguyễn Lâm,1161
" 7,5m",Nguyễn Lộ Trạch,1162
" 7,5m",Nguyễn Lộ Trạch (nối dài),1163
" 7,5m",Nguyễn Lữ,1164
 24m,Nguyễn Lương Bằng,1165
" 5,5 m",Nguyễn Lý,1166
" 7,5m",Nguyễn Minh Chấn,1167
" 7,5m",Nguyễn Minh Châu,1168
" 5,5 m",Nguyễn Minh Không,1169
" 7,5m",Nguyễn Nghiêm,1170
" 5,5m",Nguyễn Nghiễm,1171
 5.5m,Nguyễn Nhàn,1172
 5.5m,Nguyễn Nho Túy,1173
 6m,Nguyễn Như Hạnh,1174
 5.5m,Nguyễn Phạm Tuân,1175
" 7,5m",Nguyễn Phan Chánh,1176
 5m,Nguyễn Phan Vinh,1177
" 5,5m",Nguyễn Phẩm,1178
 10.5m,Nguyễn Phi Khanh,1179
 10.5m,Nguyễn Phong Sắc,1180
" một đoạn 7,5m, một đoạn 10m",Nguyễn Phú Hường,1181
" 7,5m",Nguyễn Phú Hường,1182
" 10,5m",Nguyễn Phục,1183
" một đoạn 7,5m.",Nguyễn Phước Chu,1184
" một đoạn 8,5m.",Nguyễn Phước Nguyên,1185
 15m.,Nguyễn Phước Tần,1186
" 7,5m",Nguyễn Phước Thái,1187
 5.5m.,Nguyễn Quang Bích,1188
" 5,5m",Nguyễn Quang Lâm,1189
" 7,5m",Nguyễn Quang Lâm,1190
" 7,5m",Nguyễn Quốc Trị,1191
" 7,5m",Nguyễn Quốc Trị,1192
 5.5m.,Nguyễn Quyền,1193
 10.5m.,Nguyễn Sáng,1194
" 7,5m",Nguyễn Sĩ Cố,1195
 30 m.,Nguyễn Sinh Sắc,1196
 5.5 m.,Nguyễn Sơn,1197
" 10,5m",Nguyễn Sơn Trà,1198
 5.5 m.,Nguyễn Súy,1199
" 5,5m",Nguyễn Tạo,1200
 48 m.,Nguyễn Tất Thành,1201
" 5,5m",Nguyễn Tuân,1202
 ,Nguyễn Tuấn Thiện,1203
" 5,5m",Nguyễn Tư Giản,1204
 7.5 m.,Nguyễn Thái Bình,1205
 7m,Nguyễn Thái Học (cũ),1206
 7m,Nguyễn Thành Hãn,1207
" 5,5m",Nguyễn Thanh Năm,1208
 7.5m,Nguyễn Thành Ý,1209
 10.5m,Nguyễn Thần Hiến,1210
" 5,5m",Nguyễn Thế Lịch,1211
 10.5m,Nguyễn Thế Lộc,1212
 5.5 m.,Nguyễn Thi,1213
" 7,5m",Nguyễn Thị Ba,1214
 5.5 m.,Nguyễn Thị Bảy,1215
 15 m.,Nguyễn Thị Định,1216
 5.5 m.,Nguyễn Thị Hồng,1217
 8 m.,Nguyễn Thị Minh Khai,1218
 7.5 m.,Nguyễn Thị Thập,1219
 5 m.,Nguyễn Thiện Thuật,1220
 6 m.,Nguyễn Thiếp,1221
 7.5m,Nguyễn Thúy,1222
" 10,5m",Nguyễn Thức Đường,1223
 5.5m,Nguyễn Thượng Hiền,1224
" 5,5m",Nguyễn Trác,1225
" 5,5m",Nguyễn Trác 2,1226
" 5,5m",Nguyễn Trọng Nghĩa,1227
 ,Nguyễn Trung Ngạn,1228
" 5,5m",Nguyễn Trung Ngạn 2,1229
 8m,Nguyễn Trung Trực,1230
 ,Nguyễn Trung Trực (nối dài),1231
" 7,5m",Nguyễn Trực,1232
 ,Nguyễn Văn Bổng,1233
 ,Nguyễn Văn Cừ,1234
" 5,5m",Nguyễn Văn Giáp,1235
 5.5m,Nguyễn Văn Huề,1236
 ,Nguyễn Văn Huyên,1237
" 10,5m",Nguyễn Văn Hưởng,1238
 7.5m,Nguyễn Văn Hưởng,1239
 16m ,Nguyễn Văn Linh,1240
" 2x10,5m",Nguyễn Văn Nguyễn,1241
 5.5 m ,Nguyễn Văn Phương,1242
" 4,5m",Nguyễn Văn Siêu,1243
 10.5 m ,Nguyễn Văn Tạo,1244
" 5,5m",Nguyễn Văn Tố,1245
 ,Nguyễn Văn Thoại,1246
" 5,5m",Nguyễn Văn Thủ,1247
" 7,5m và có đoạn 5,5m",Nguyễn Văn Xuân,1248
 5.5 m ,Nguyễn Viết Xuân,1249
" 7,5 m",Nguyễn Xí,1250
" 7,5m",Nguyễn Xiển,1251
" rộng 5,5m;",Nguyễn Xuân Hữu,1252
" 5,5 m",Nguyễn Xuân Khoát,1253
" 7,5 m",Nguyễn Xuân Nhĩ,1254
" 5,5 m",Ngyễn Xuân Ôn,1255
" 5,5m",Nhân Hoà 1,1256
" 5,5m",Nhân Hoà 2,1257
" 5,5m",Nhân Hoà 3,1258
" 5,5m",Nhân Hoà 4,1259
" 5,5m",Nhân Hoà 5,1260
" 5,5m",Nhân Hoà 6,1261
" 5,5m",Nhân Hoà 7,1262
" 5,5 m",Nhất Chi Mai,1263
" 7,5m",Nhất Chi Mai,1264
" 5,5m",Nhơn Hòa 1,1265
" 5,5m",Nhơn Hòa 2,1266
" 5,5m",Nhơn Hòa 3,1267
" 5,5m",Nhơn Hòa 4,1268
" 5,5m",Nhơn Hòa 5,1269
" 5,5m",Nhơn Hòa 6,1270
" 5,5m",Nhơn Hòa 7,1271
" rộng 5,5m",Nhơn Hòa 8,1272
" 5,5m",Nhơn Hòa Phước 1,1273
" rộng 3,75m",Nhơn Hòa Phước 2,1274
" rộng 3,75m",Nhơn Hòa Phước 3,1275
 15m,Như Nguyệt,1276
 15 m,Ông Ích Đường,1277
 15m,Ông Ích Đường,1278
 9 m,Ông Ích Khiêm,1279
 6.5 m,Pasteur,1280
" 5,5m",Phạm Bành,1281
 5.5 m,Phạm Công Trứ,1282
" 7,5m",Phạm Cự Lượng,1283
 7.5 m,Phạm Đình Hồ,1284
" 7,5m",Phạm Đức Nam,1285
 7 m,Phạm Hồng Thái,1286
 7.5 m,Phạm Hữu Kính,1287
 ,Phạm Kiệt,1288
" 5,5m",Phạm Khiêm Ích,1289
 6 m,Phạm Nỗi,1290
 5.5 m,Phạm Ngọc Thạch,1291
 3 m,Phạm Ngũ lão,1292
 3 m,Phạm Như tăng,1293
 6 m,Phạm Như Xương,1294
 7.5 m,Phạm PHú  Tiết,1295
 6 m,Phạm Phú Thứ,1296
 5.5 m,Pham Sư Mạnh,1297
 5.5 m,Phạm Tu,1298
" 10,5m",Phạm Tuấn Tài,1299
 ,Phạm Tứ,1300
 5.5m,Phạm Thận Duật,1301
 5.5 m,Phạm Văn Bạch,1302
 56 m,Phạm Văn Đồng,1303
 6 m,Phạm văn Nghị,1304
 10.5 m,Phạm văn Ngôn,1305
 7.5 m,Phạm văn Trang,1306
" 10,5m",Phạm Văn Xảo,1307
 7.5 m,Pham Vấn,1308
" 5,5m",Phạm Vinh,1309
 6 m,Phan Bá Phiến,1310
 5.5 m,Phan Bôi,1311
" 5,5m",Phan Bôi,1312
 8.5 m,Phan Châu Trinh,1313
 14m,Phan Đăng Lưu,1314
 15m,Phan Đăng Lưu,1315
 7 m,Phan Đình Phùng,1316
" 5,5m",Phan Đình Thông,1317
 5.5 m,Phan Đình Thông,1318
 15m,Phan Hành Sơn,1319
 6 m,Phan Huy Chú,1320
 6 m,Phan Huy Ích,1321
" 7,5m",Phan Huy Thực,1322
 5.5 m,Phan Kế Bính,1323
" 7,5m",Phan Khôi,1324
" 7,5m",Phan Khôi,1325
" 7,5m",Phan Liêm,1326
" 7,5m.",Phan Ngọc Nhân,1327
 7.5 m,Phan Nhu,1328
 5.5 m,Phan Phu Tiên,1329
" 5,5m",Phan Phu Tiên,1330
 7.5 m,Phan Tòng ,1331
" 7,5m",Phan Tôn,1332
" 7,5m",Phan Tôn,1333
" 7,5m",Phan Tốn,1334
 7 m,Phan Tứ,1335
 6m,Phan Thanh,1336
 4m,Phan Thành tài,1337
 5.5 m,Phan Thị Nể,1338
 5.5 m,Phan Thúc Duyện,1339
 5.5 m,Phan Trọng Tuệ,1340
" 7,5m",Phan Văn Đạt,1341
 6.5 m,Phan Văn Định,1342
" 7,5m",Phan Văn Hớn,1343
" 7,5m",Phan Văn Thuật,1344
 ,Phan Văn Trị,1345
" 5,5m",Phan Văn Trường,1346
" 3,5m",Phần Lăng 1,1347
" 5,5m",Phần Lăng 10,1348
" 5,5m",Phần Lăng 11,1349
" 5,5m",Phần Lăng 12,1350
" 5,5m",Phần Lăng 14,1351
" 5,5m",Phần Lăng 15,1352
" 5,5m",Phần Lăng 16,1353
" 5,5m",Phần Lăng 17,1354
" 5,5m",Phần Lăng 18,1355
" 7,5m",Phần Lăng 19,1356
 ,Phần Lăng 2,1357
" 3,5m",Phần Lăng 3,1358
" 3,5m",Phần Lăng 4,1359
" 3,5m",Phần Lăng 5,1360
" 5,5m",Phần Lăng 6,1361
" 5,5m",Phần Lăng 7,1362
" 5,5m",Phần Lăng 8,1363
 6 m,Phó Đức Chính,1364
5.5 m,Phong Bắc,1365
5.5 m,Phong Bắc,1366
5.5 m,Phong Bắc 16,1367
5.5 m,Phong Bắc 1,1368
5.5 m,Phong Bắc 10,1369
5.5 m,Phong Bắc 11,1370
" rộng 5,5m;",Phong Bắc 18,1371
" 5,5m",Phong Bắc 19,1372
5.5 m,Phong Bắc 2,1373
5.5 m,Phong Bắc 2,1374
" 5,5m, có đoạn 3m",Phong Bắc 20,1375
5.5 m,Phong Bắc 3,1376
5.5 m,Phong Bắc 3,1377
5.5 m,Phong Bắc 4,1378
5.5 m,Phong Bắc 4,1379
5.5 m,Phong Bắc 5,1380
5.5 m,Phong Bắc 6,1381
5.5 m,Phong Bắc 7,1382
" rộng 5,5m;",Phong Bắc 8,1383
5.5 m,Phong Bắc 9,1384
" 5,5m.",Phù Đổng,1385
7.5 m,Phù Đổng,1386
" 5,5m",Phú Lộc 1,1387
" 5,5m ",Phú Lộc 10,1388
" 5,5m ",Phú Lộc 11,1389
" 5,5m ",Phú Lộc 12,1390
" 5,5m ",Phú Lộc 14,1391
" 5,5m ",Phú Lộc 15,1392
" 5,5m ",Phú Lộc 16,1393
" 5,5m ",Phú Lộc 17,1394
" 5,5m ",Phú Lộc 18,1395
 5m,Phú Lộc 19,1396
" 5,5m",Phú Lộc 2,1397
" 5,5m",Phú Lộc 3,1398
" 5,5m",Phú Lộc 4,1399
" 5,5m ",Phú Lộc 5,1400
" 5,5m ",Phú Lộc 6,1401
" 3,5m ",Phú Lộc 7,1402
" 5,5m ",Phú Lộc 8,1403
" 5,5m ",Phú Lộc 9,1404
 ,Phú Thạnh 1,1405
 ,Phú Thạnh 2,1406
 ,Phú Thạnh 3,1407
 ,Phú Thạnh 4,1408
 ,Phú Thạnh 5,1409
" 7,5m",Phùng Chí Kiên,1410
" 10,5m",Phùng Hưng,1411
 4m,Phùng Khắc Khoan,1412
" Có đoạn 7,5m, có đoạn 5,5m",Phùng Tá Chu,1413
5.5 m,Phước Hòa,1414
0,Phước Hòa 1,1415
5.5 m,Phước Hòa 2,1416
5.5 m,Phước Hòa 3,1417
 5.5 m,Phước Mỹ,1418
3.5 m,Phước mỹ ,1419
3.5 m,"PHước Mỹ, sơn Trà",1420
 7.5 m,Phước Trường 1,1421
 5.5 m,Phước Trường 2,1422
 5.5 m,Phước Trường 3,1423
 5.5 m,Phước Trường 4,1424
 5.5 m,Phước Trường 5,1425
 5.5 m,Phước Trường 6,1426
 5.5 m,Phước Trường 7,1427
" rộng 5,5m",Phước Trường 8,1428
" rộng 5,5m",Phước Trường 9,1429
" 7,5m",Quán Khái 10,1430
" 7,5m",Quán Khái 11,1431
" 7,5m",Quán Khái 12,1432
 5.5 m,Quán Khải 2,1433
 5.5 m,Quán Khải 3,1434
 5.5 m,Quán Khải 4,1435
 5.5 m,Quán Khải 5,1436
 5.5 m,Quán Khải 6,1437
 5.5 m,Quán Khải 7,1438
 5.5 m,Quán Khải 8,1439
" 7,5m",Quán Khái 9,1440
" 5,5m",Quang Dũng,1441
 15m,Quảng Nam,1442
" 5,5m",Quang Thành 1,1443
" 5,5m",Quang Thành 2,1444
" 10,5m",Quang Trung,1445
,Quốc lộ 14B,1446
 ,Quốc lộ 1A,1447
 7m,Quy Mỹ,1448
 15m,Song Hào,1449
 7.5 m,Sơn Thủy 1,1450
"7,5m",Sơn Thủy 1,1451
 ,Sơn Thủy 10,1452
 ,Sơn Thủy 10,1453
 ,Sơn Thủy 11,1454
 ,Sơn Thủy 11,1455
 ,Sơn Thủy 2,1456
" 5,5m",Sơn Thủy 2,1457
 ,Sơn Thủy 3,1458
" 5,5m",Sơn Thủy 3,1459
 ,Sơn Thủy 4,1460
" 3,5m",Sơn Thủy 4,1461
 ,Sơn Thủy 5,1462
" 3,5m",Sơn Thủy 5,1463
 ,Sơn Thủy 6,1464
" 3,5m",Sơn Thủy 6,1465
 ,Sơn Thủy 7,1466
" 3,5m",Sơn Thủy 7,1467
 ,Sơn Thủy 8,1468
" 3,5m",Sơn Thủy 8,1469
 ,Sơn Thủy 9,1470
" 3,5m",Sơn Thủy 9,1471
" 5,5m ",Sơn Thủy Đông 1,1472
" 7,5m ",Sơn Thủy Đông 2,1473
" 5,5m ",Sơn Thủy Đông 3,1474
" 5,5m ",Sơn Thủy Đông 4,1475
 ,Suối Đá 1,1476
 ,Suối Đá 2,1477
 ,Suối Đá 3,1478
" 5,5m",Sử Hy Nhan,1479
 ,Sư Vạn Hạnh,1480
" 3,5m",Sương Nguyệt Ánh,1481
" 5,5m",Tạ Hiện,1482
" 5,5m",Tạ Mỹ Duật,1483
" 10,5m",Tạ Quang Bửu,1484
" 5,5m",Tản Đà,1485
 8m,Tăng Bạt Hổ,1486
" 10,5m",Tân An 1,1487
,Tân An 2,1488
,Tân An 3,1489
" 7,5m",Tân An 4,1490
" 5,5m",Tân Lập 1,1491
" 5,5m",Tân Lập 2,1492
" 10,5m",Tân Lưu,1493
 5.5 m,Tân Phú 1,1494
 5.5 m,Tân Phú 2,1495
" 7,5m",Tân Thái 1,1496
" 7,5m",Tân Thái 10,1497
" 5,5m",Tân Thái 2,1498
" 5,5m",Tân Thái 3,1499
" 5,5m",Tân Thái 4,1500
" một đoạn 3,5m, một đoạn 5,5m",Tân Thái 5,1501
" 5,5m",Tân Thái 6,1502
" 3,5m",Tân Thái 7,1503
" 3,5m",Tân Thái 8,1504
" 5,5m",Tân Thái 9,1505
" 10,5m",Tân Trà,1506
" 5,5m",Tân Trào,1507
" 7,5m",Tây Sơn,1508
" 7,5m",Tế Hanh,1509
 ,Tiên Sơn 1,1510
 ,Tiên Sơn 10,1511
 ,Tiên Sơn 11,1512
 ,Tiên Sơn 12,1513
 ,Tiên Sơn 13,1514
 ,Tiên Sơn 14,1515
 ,Tiên Sơn 15,1516
 ,Tiên Sơn 16,1517
 ,Tiên Sơn 17,1518
 ,Tiên Sơn 18,1519
 ,Tiên Sơn 2,1520
 ,Tiên Sơn 20,1521
" 5,5m",Tiên Sơn 21,1522
 ,Tiên Sơn 3,1523
 ,Tiên Sơn 4,1524
 ,Tiên Sơn 5,1525
 ,Tiên Sơn 6,1526
 ,Tiên Sơn 7,1527
 ,Tiên Sơn 8,1528
 ,Tiên Sơn 9,1529
 ,Tiểu La,1530
 6m,Tô Hiến Thành,1531
" 6,3m",Tô Hiệu,1532
" 7,5m",Tố Hữu,1533
" 7,5m",Tố Hữu (nối dài),1534
 6m,Tô Ngọc Vân,1535
 6m,Tôn Đản,1536
 24m,Tôn Đức Thắng,1537
" 7,5m",Tôn Quang Phiệt,1538
" 7,5m",Tôn Quang Phiệt (nối dài),1539
 5 m,Tôn Thất Tùng,1540
" 3,5m",Tôn Thất Thiệp,1541
" 7,5 m",Tôn Thất Thuyết,1542
" 7,5m",Tống Duy Tân,1543
 5m,Tống Phước Phổ,1544
" 5,5 m",Tốt Động,1545
" 7,5 m",Tú Mỡ,1546
 ,Tú Quỳ,1547
 5m,Tuệ Tĩnh,1548
" 5,5m",Tùng Lâm 1,1549
" 5,5m",Tùng Lâm 10,1550
" 5,5m",Tùng Lâm 2,1551
" 5,5m",Tùng Lâm 3,1552
" 5,5m",Tùng Lâm 4,1553
" 5,5m",Tùng Lâm 5,1554
" 5,5m",Tùng Lâm 6,1555
" 5,5m",Tùng Lâm 7,1556
" 5,5m",Tùng Lâm 8,1557
" 5,5m",Tùng Lâm 9,1558
" 7,5m",Tùng Thiện Vương,1559
" 7,5m",Tuy Lý Vương,1560
 15m,Tự Đức ,1561
" 5,5m",Thạch Lam,1562
" 10,5m",Thái Phiên,1563
 7m,Thái Thị Bôi,1564
" 5,5m",Thái Văn A,1565
" 3,2m",Thanh Duyên,1566
" 4,5m",Thanh Hải,1567
" 10,5m.",Thanh Hóa,1568
" 5,5m",Thanh Huy 1,1569
" 5,5m",Thanh Huy 2,1570
" 5,5m",Thanh Huy 3,1571
 10.5m m,Thanh Khê 6,1572
 4m,Thanh Long,1573
 5m,Thanh Sơn,1574
" 10,5m",Thanh Tịnh,1575
" 10,5m",Thành Thái,1576
 6m,Thanh Thủy,1577
" 3,5m",Thanh Vinh 1,1578
" 5,5m",Thành Vinh 1,1579
" 3,5m",Thanh Vinh 10,1580
" 3,5m",Thanh Vinh 11,1581
" 3,5m",Thanh Vinh 12,1582
" 3,5m",Thanh Vinh 14,1583
" 3,5m",Thanh Vinh 15,1584
" 3,5m",Thanh Vinh 16,1585
" 5,5m",Thanh Vinh 17,1586
" 3,5m",Thanh Vinh 2,1587
" 3,5m",Thanh Vinh 3,1588
" 3,5m",Thanh Vinh 4,1589
" 3,5m",Thanh Vinh 5,1590
" 3,5m",Thanh Vinh 6,1591
" 3,5m",Thanh Vinh 7,1592
" 3,5m",Thanh Vinh 8,1593
" 3,5m",Thanh Vinh 9,1594
" 10,5m & 5,5m",Thăng Long,1595
 7.5 m,Thân Cảnh Phúc,1596
" 7,5m",Thân Cảnh Phúc,1597
" 5,5m",Thân Nhân Trung,1598
" có đoạn 5,5m và có đoạn rộng 7,5m",Thép Mới,1599
" 5,5m",Thế Lữ,1600
 6m,Thi Sách,1601
" 10,5m",Thích Phước Huệ,1602
" 10,5m",Thích Quảng Đức,1603
 m,Thích Thiện Chiếu,1604
 m,Thôi Hữu,1605
" 5,5m",Thu Bồn,1606
" 5,5m",Thủ Khoa Huân,1607
 m,Thuận An 1,1608
,Thuận An 1,1609
 m,Thuận An 2,1610
,Thuận An 2,1611
 m,Thuận An 3,1612
,Thuận An 3,1613
 m,Thuận An 4,1614
,Thuận An 4,1615
 4m,Thuận An 5,1616
,Thuận An 5,1617
"  7,5m",Thuận An 6,1618
,Thuận An 6,1619
 m,Thúc Tề,1620
,Thúc Tề,1621
" 7,5m",Thuỷ Sơn 1,1622
" 7,5m",Thuỷ Sơn 2,1623
" 7,5m",Thuỷ Sơn 3,1624
" 7,5m",Thuỷ Sơn 4,1625
" 7,5m",Thuỷ Sơn 5,1626
" 7,5m",Thượng Đức,1627
" Một đoạn 7,5 một đoạn 5,5 ",Trà Lộ,1628
" 5,5m",Trà Na 1,1629
" 5,5m",Trà Na 2,1630
" 5,5m",Trà Na 3 ,1631
" 10,5",Trần Anh Tông,1632
" 5,5m",Trần Bích San,1633
" 7,2 m",Trần Bình Trọng,1634
" 7,5m",Trần Can,1635
" 10,5 m",Trần Cao Vân,1636
" 7,5m",Trần Cừ,1637
" 6,5 m",Trần Đại Nghĩa,1638
 15 m,Trần Đăng Ninh,1639
" 7,5 m",Trần Đình Đàn,1640
" 5,5 m",Trần Đình Long,1641
,Trần Đình Phong,1642
" 10,5m",Trần Đình Tri,1643
" 7,5 m",Trần Đức Thảo ,1644
" 4,5 m",Trần Hoành,1645
" 10,5 m",Trần Huân ,1646
" 7,5m",Trần Huy Liệu,1647
,Trần Huy Liệu (nối dài),1648
 15 m,Trần Hưng Đạo,1649
" 5,5m.",Trần Hữu Duẩn,1650
 15m,Trần Hữu Dực,1651
" 10,5m",Trần Hữu Độ,1652
 7m,Trần Kế Xương,1653
 5m,Trần Kim Bảng,1654
 5m,Trần Khánh Dư,1655
" 5,5m",Trần Khát Chân,1656
" 7,5m",Trần Lê,1657
" 5,5m",Trần Lựu,1658
" 5,5m",Trần Mai Ninh,1659
 15m,Trần Nam Trung,1660
" 7,5m",Trần Ngọc Sương,1661
" 10,5 m",Trần Nguyên Đán,1662
" 10,5 m",Trần Nguyên Hãn,1663
" 10,5 m",Trần Nhân Tông,1664
" 15m – 10,5m",Trần Nhân Tông,1665
 6 m,Trần Nhật Duật,1666
 10.5 m,Trần Phú,1667
 10.5 m,Trần Phước Thành,1668
 10.5 m,Trần Phước Thành (nối dài),1669
 m,Trần Quang Diệu,1670
 10.5 m,Trần Quang Diệu,1671
 6m,Trần Quang Khải,1672
 ,Trần Quang Khải (nối dài),1673
 15m,Trần Quốc Hoàn,1674
 7m,Trần Quốc Toản,1675
" 7,5m",Trần Quốc Thảo,1676
 7m,Trần Quý Cáp,1677
" 5,5m",Trần Quý Hai,1678
" 7,5m",Trần Sâm,1679
" 7,5m",Trần Tấn,1680
 m,Trần Tấn Mới,1681
 7.5m,Trần Tấn Mới,1682
" 5,5m",Trần Tấn Mới,1683
 6 m,Trần Tống,1684
 11 m,Trần Thái Tông,1685
" 5,5 m",Trần Thanh Mại,1686
 m,Trần Thánh Tông,1687
" 10,5 m",Trần Thanh Trung,1688
 6 m,Trần Thị Lý,1689
 10.5 m,Trần Thủ Độ,1690
 m,Trần Thuyết,1691
 9m,Trần Văn Dư ,1692
 ,Trần Văn Dư (nối dài),1693
" 7,5m",Trần Văn Đán,1694
 5.5m,Trần Văn Đang,1695
" 5,5m",Trần Văn Đang,1696
" 7,5m",Trần Văn Hai,1697
 10.5m,Trần Văn Kỳ,1698
 10.5m,Trần Văn Kỳ,1699
" 5,5m",Trần Văn Lan,1700
 ,Trần Văn Lan,1701
 m,Trần Văn Thành,1702
 21m,Trần Văn Trà,1703
" 7,5m",Trần Xuân Lê,1704
 5.5 m,Trần Xuân Lê,1705
 5.5 m,Trần Xuân Soạn,1706
 m,Triệu Việt Vương,1707
 10.5m,Trịnh Công Sơn,1708
 15 m,Trịnh Đình Thảo,1709
" 4,5 m",Trịnh Hoài Đức,1710
"  5,5 m",Trịnh Khả,1711
   m,Trịnh Khắc Lập,1712
" 4,5 m",Trịnh Khắc Lập,1713
" 7,5m",Trịnh Lỗi,1714
" 5,5m",Trung Hòa 1,1715
" 5,5m",Trung Hòa 2,1716
" 5,5m",Trung Hòa 3,1717
" 5,5m",Trung Hòa 4,1718
" 5,5m",Trung Hòa 5,1719
" 5,5m.",Trung Lương 1,1720
" 5,5m.",Trung Lương 2,1721
" 5,5m.",Trung Lương 3,1722
" 5,5m.",Trung Lương 4,1723
" 5,5m.",Trung Lương 5,1724
" 7,5m.",Trung Lương 6,1725
" 7,5m.",Trung Lương 7,1726
" 5,5 m",Trung Nghĩa 1,1727
  5.5 m,Trung Nghĩa 2,1728
" 5,5 m",Trung Nghĩa 2,1729
  5.5 m,Trung Nghĩa 3,1730
" 5,5 m",Trung Nghĩa 3,1731
  5.5 m,Trung Nghĩa 4,1732
" 5,5 m",Trung Nghĩa 4,1733
  5.5 m,Trung Nghĩa 5,1734
" 5,5 m",Trung Nghĩa 5,1735
  5.5m,Trung Nghĩa 6,1736
" 5,5 m",Trung Nghĩa 6,1737
  5.5m,Trung Nghĩa 7,1738
" 5,5 m",Trung Nghĩa 7,1739
" 5,5 m",Trừ Văn Thố,1740
 9 m,Trưng Nữ Vương,1741
  5.5m,Trưng Nhị,1742
" 5,5 m",Trưng Nhị,1743
" 7,5m",Trương Công Hy,1744
 8 m,Trương Chí Cương,1745
   m,Trường Chinh,1746
 24 m,Trường Chinh,1747
" 5,5m",Trương Đăng Quế,1748
 8 m,Trương Định,1749
" 10,5m",Trương Gia Mô,1750
"   3,75m ",Trương Hán Siêu,1751
" 3,74 m",Trương Hán Siêu,1752
" 7,5m",Trương Minh Giảng,1753
" 5,5 m",Trương Quang Giao ,1754
" 7,5m",Trương Quyền,1755
 15 m,Trường Sa,1756
 21m,Trường Sơn,1757
" 7,5 m",Trương Văn Đa,1758
" 7,5m",Trương Văn Đa,1759
" 7,5 m",Trương Văn Hiến,1760
" 5,5m",Trương Vân Lĩnh,1761
 5 m,Vạn Hạnh,1762
" 5,5 m",Vạn Tường,1763
 6 m,Văn Cao,1764
" 7,5m",Văn Tân,1765
" 10,5m.",Văn Tiến Dũng,1766
" 10,5m",Văn Tiến Dũng,1767
" 5,5m",Văn Thánh 1,1768
" 5,5m",Văn Thánh 2,1769
" 5,5m",Văn Thánh 3,1770
" 5,5m",Văn Thánh 4,1771
 15 m,Vân Đồn,1772
" 7,5m",Việt Bắc,1773
" 5,5m",Võ Duy Dương,1774
" 7,5m",Võ Duy Dương,1775
" 7,5 m",Võ Duy Đoán,1776
" 7,5m",Võ Duy Ninh,1777
" 5,5 m",Võ Nghĩa,1778
" 5,5 m",Võ Như Khương,1779
" 5,5m.",Võ Quảng,1780
" 5,5 m",Võ Thị Sáu,1781
" 3,75 m",Võ Trường Toản,1782
" 10,5m",Võ Văn Đặng,1783
" 7,5m",Võ Văn Đồng,1784
" 10,5 m",Võ Văn Tần,1785
" 5,5m",Vũ Cán,1786
" 7,5 m",Vũ Đình Long,1787
" 5,5m",Vũ Huy Tấn,1788
 8 m,Vũ Huy Tấn ,1789
" 5,5 m",Vũ Hữu,1790
" 7,5m",Vũ Lập,1791
" 5,5 m",Vũ Miên,1792
" 5,5   m ",Vũ Ngọc Nhạ,1793
" 5,5 m",Vũ Quỳnh,1794
" 5,5 m",Vũ Tông Phan,1795
" 5,5m",Vũ Thạnh,1796
 m ,Vũ Trọng Phụng,1797
" 10,5m",Vũ Văn Cẩn,1798
 m ,Vũ Văn Dũng,1799
" 5,5 m",Vũ Văn Dũng,1800
" 7,5m ",Vũng Thùng 1,1801
" 5,5m ",Vũng Thùng 2,1802
" 5,5m  ",Vũng Thùng 3,1803
" 5,5m  ",Vũng Thùng 4,1804
" 5,5 m  ",Vũng Thùng 5,1805
" 7,5m",Vùng Trung 1,1806
" 7,5m",Vùng Trung 2,1807
" 7,5m",Vùng Trung 3,1808
" 7,5m",Vùng Trung 4,1809
" 7,5m",Vùng Trung 5,1810
 21 m,Xô Viết Nghệ Tĩnh,1811
" 7,5 m",Xuân Diệu,1812
" 5,5 m",Xuân Đán 1,1813
 4m  ,Xuân Hòa 1,1814
 4m  ,Xuân Hòa 2,1815
" 5,5 m",Xuân Thiều 1,1816
" 5,5 m",Xuân Thiều 10,1817
" 5,5 m",Xuân Thiều 11,1818
" 5,5 m",Xuân Thiều 12,1819
" 5,5 m",Xuân Thiều 14,1820
" 5,5 m",Xuân Thiều 2,1821
" 5,5 m",Xuân Thiều 3,1822
" 5,5 m",Xuân Thiều 4,1823
" 5,5 m",Xuân Thiều 5,1824
" 5,5 m",Xuân Thiều 6,1825
" 5,5 m",Xuân Thiều 7,1826
" 5,5 m",Xuân Thiều 8,1827
" 5,5 m",Xuân Thiều 9,1828
" 7,5 m",Xuân Thủy,1829
 ,Xuân Thủy (nối dài),1830
 ,Ỷ Lan Nguyên Phi,1831
 5 m,Yersin,1832
 7m,Yên Báy (Yên Bái),1833
" 5,5m  ",Yên Khê 1,1834
  7.5m - 5.5m m  ,Yên Khê 2,1835
" 7,5 m",Yên Thế,1836
 24 m,Yết Kiêu,1837
